category,sub_category,company_url
Animals & Pets,Animal Health,https://www.trustpilot.com/categories/animals_pets
Animals & Pets,Animal Health,https://www.trustpilot.com/categories/veterinarian
Animals & Pets,Animal Health,https://www.trustpilot.com/categories/emergency_veterinarian_service
Animals & Pets,Animal Parks & Zoo,https://www.trustpilot.com/categories/animals_pets
Animals & Pets,Animal Parks & Zoo,https://www.trustpilot.com/categories/animal_park
Animals & Pets,Animal Parks & Zoo,https://www.trustpilot.com/categories/zoo
Animals & Pets,Cats & Dogs,https://www.trustpilot.com/categories/dog_park
Animals & Pets,Cats & Dogs,https://www.trustpilot.com/categories/kennel
Animals & Pets,Cats & Dogs,https://www.trustpilot.com/categories/dog_day_care_center
Animals & Pets,Cats & Dogs,https://www.trustpilot.com/categories/dog_walker
Animals & Pets,Cats & Dogs,https://www.trustpilot.com/categories/dog_trainer
Animals & Pets,Cats & Dogs,https://www.trustpilot.com/categories/dog_breeder
Animals & Pets,Cats & Dogs,https://www.trustpilot.com/categories/animals_pets
Animals & Pets,Horses & Riding,https://www.trustpilot.com/categories/animals_pets
Animals & Pets,Horses & Riding,https://www.trustpilot.com/categories/horseback_riding_service
Animals & Pets,Pet Services,https://www.trustpilot.com/categories/animal_control_service
Animals & Pets,Pet Services,https://www.trustpilot.com/categories/pet_adoption_service
Animals & Pets,Pet Services,https://www.trustpilot.com/categories/pet_boarding_service
Animals & Pets,Pet Services,https://www.trustpilot.com/categories/pet_moving_service
Animals & Pets,Pet Services,https://www.trustpilot.com/categories/pet_groomer
Animals & Pets,Pet Services,https://www.trustpilot.com/categories/animals_pets
Animals & Pets,Pet Services,https://www.trustpilot.com/categories/pet_sitter
Animals & Pets,Pet Services,https://www.trustpilot.com/categories/pet_trainer
Animals & Pets,Pet Stores,https://www.trustpilot.com/categories/bird_shop
Animals & Pets,Pet Stores,https://www.trustpilot.com/categories/tack_shop
Animals & Pets,Pet Stores,https://www.trustpilot.com/categories/pet_supply_store
Animals & Pets,Pet Stores,https://www.trustpilot.com/categories/reptile_store
Animals & Pets,Pet Stores,https://www.trustpilot.com/categories/aquarium_shop
Animals & Pets,Pet Stores,https://www.trustpilot.com/categories/feed_store
Animals & Pets,Pet Stores,https://www.trustpilot.com/categories/animals_pets
Animals & Pets,Pet Stores,https://www.trustpilot.com/categories/pet_store
Beauty & Well-being,Cosmetics & Makeup,https://www.trustpilot.com/categories/beauty_supply_store
Beauty & Well-being,Cosmetics & Makeup,https://www.trustpilot.com/categories/permanent_make_up_clinic
Beauty & Well-being,Cosmetics & Makeup,https://www.trustpilot.com/categories/cosmetics_wholesaler
Beauty & Well-being,Cosmetics & Makeup,https://www.trustpilot.com/categories/perfume_store
Beauty & Well-being,Cosmetics & Makeup,https://www.trustpilot.com/categories/beauty_wellbeing
Beauty & Well-being,Cosmetics & Makeup,https://www.trustpilot.com/categories/flavours_fragrances_and_aroma_supplier
Beauty & Well-being,Cosmetics & Makeup,https://www.trustpilot.com/categories/beauty_product_supplier
Beauty & Well-being,Cosmetics & Makeup,https://www.trustpilot.com/categories/cosmetics_and_parfumes_supplier
Beauty & Well-being,Cosmetics & Makeup,https://www.trustpilot.com/categories/makeup_artist
Beauty & Well-being,Cosmetics & Makeup,https://www.trustpilot.com/categories/cosmetic_products_manufacturer
Beauty & Well-being,Cosmetics & Makeup,https://www.trustpilot.com/categories/cosmetics_store
Beauty & Well-being,Cosmetics & Makeup,https://www.trustpilot.com/categories/cosmetics_industry
Beauty & Well-being,Cosmetics & Makeup,https://www.trustpilot.com/categories/beauty_products_wholesaler
Beauty & Well-being,Hair Care & Styling,https://www.trustpilot.com/categories/hair_replacement_service
Beauty & Well-being,Hair Care & Styling,https://www.trustpilot.com/categories/hair_salon
Beauty & Well-being,Hair Care & Styling,https://www.trustpilot.com/categories/hair_extension_technician
Beauty & Well-being,Hair Care & Styling,https://www.trustpilot.com/categories/mobile_hairdresser
Beauty & Well-being,Hair Care & Styling,https://www.trustpilot.com/categories/beauty_wellbeing
Beauty & Well-being,Hair Care & Styling,https://www.trustpilot.com/categories/electrolysis_hair_removal_service
Beauty & Well-being,Hair Care & Styling,https://www.trustpilot.com/categories/unisex_hairdresser
Beauty & Well-being,Hair Care & Styling,https://www.trustpilot.com/categories/home_hairdresser
Beauty & Well-being,Hair Care & Styling,https://www.trustpilot.com/categories/barber_shop
Beauty & Well-being,Hair Care & Styling,https://www.trustpilot.com/categories/hair_extensions_supplier
Beauty & Well-being,Hair Care & Styling,https://www.trustpilot.com/categories/barber_supply_store
Beauty & Well-being,Hair Care & Styling,https://www.trustpilot.com/categories/laser_hair_removal_service
Beauty & Well-being,Hair Care & Styling,https://www.trustpilot.com/categories/hair_product_store
Beauty & Well-being,Hair Care & Styling,https://www.trustpilot.com/categories/waxing_hair_removal_service
Beauty & Well-being,Hair Care & Styling,https://www.trustpilot.com/categories/hair_removal_service
Beauty & Well-being,Personal Care,https://www.trustpilot.com/categories/nail_salon
Beauty & Well-being,Personal Care,https://www.trustpilot.com/categories/herb_shop
Beauty & Well-being,Personal Care,https://www.trustpilot.com/categories/weight_loss_service
Beauty & Well-being,Personal Care,https://www.trustpilot.com/categories/beauty_wellbeing
Beauty & Well-being,Personal Care,https://www.trustpilot.com/categories/vitamin_and_supplements_store
Beauty & Well-being,Personal Care,https://www.trustpilot.com/categories/toiletries_store
Beauty & Well-being,Personal Care,https://www.trustpilot.com/categories/fitness_and_nutrition_service
Beauty & Well-being,Personal Care,https://www.trustpilot.com/categories/herbalist
Beauty & Well-being,Personal Care,https://www.trustpilot.com/categories/massage_supply_store
Beauty & Well-being,Salons & Clinics,https://www.trustpilot.com/categories/eyebrow_bar
Beauty & Well-being,Salons & Clinics,https://www.trustpilot.com/categories/health_and_beauty_shop
Beauty & Well-being,Salons & Clinics,https://www.trustpilot.com/categories/beauty_salon
Beauty & Well-being,Salons & Clinics,https://www.trustpilot.com/categories/beauty_wellbeing
Beauty & Well-being,Salons & Clinics,https://www.trustpilot.com/categories/skin_care_clinic
Beauty & Well-being,Salons & Clinics,https://www.trustpilot.com/categories/tanning_studio
Beauty & Well-being,Salons & Clinics,https://www.trustpilot.com/categories/body_shaping_class
Beauty & Well-being,Salons & Clinics,https://www.trustpilot.com/categories/stylist
Beauty & Well-being,Tattoos & Piercings,https://www.trustpilot.com/categories/ear_piercing_service
Beauty & Well-being,Tattoos & Piercings,https://www.trustpilot.com/categories/beauty_wellbeing
Beauty & Well-being,Tattoos & Piercings,https://www.trustpilot.com/categories/body_piercing_shop
Beauty & Well-being,Tattoos & Piercings,https://www.trustpilot.com/categories/tattoo_shop
Beauty & Well-being,Tattoos & Piercings,https://www.trustpilot.com/categories/tattoo_removal_service
Beauty & Well-being,Tattoos & Piercings,https://www.trustpilot.com/categories/tattoo_and_piercing_shop
Beauty & Well-being,Wellness & Spa,https://www.trustpilot.com/categories/spa_and_health_club
Beauty & Well-being,Wellness & Spa,https://www.trustpilot.com/categories/spa
Beauty & Well-being,Wellness & Spa,https://www.trustpilot.com/categories/massage_therapist
Beauty & Well-being,Wellness & Spa,https://www.trustpilot.com/categories/sauna
Beauty & Well-being,Wellness & Spa,https://www.trustpilot.com/categories/beauty_wellbeing
Beauty & Well-being,Wellness & Spa,https://www.trustpilot.com/categories/wellness_center
Beauty & Well-being,Wellness & Spa,https://www.trustpilot.com/categories/foot_care
Beauty & Well-being,Wellness & Spa,https://www.trustpilot.com/categories/health_spa
Beauty & Well-being,Wellness & Spa,https://www.trustpilot.com/categories/wellness_program
Beauty & Well-being,Wellness & Spa,https://www.trustpilot.com/categories/spa_resort
Beauty & Well-being,Wellness & Spa,https://www.trustpilot.com/categories/sauna_store
Beauty & Well-being,Wellness & Spa,https://www.trustpilot.com/categories/massage_spa
Beauty & Well-being,Wellness & Spa,https://www.trustpilot.com/categories/facial_spa
Beauty & Well-being,Wellness & Spa,https://www.trustpilot.com/categories/day_spa
Beauty & Well-being,Wellness & Spa,https://www.trustpilot.com/categories/aromatherapy_supply_store
Beauty & Well-being,Yoga & Meditation,https://www.trustpilot.com/categories/meditation_instructor
Beauty & Well-being,Yoga & Meditation,https://www.trustpilot.com/categories/yoga_studio
Beauty & Well-being,Yoga & Meditation,https://www.trustpilot.com/categories/beauty_wellbeing
Beauty & Well-being,Yoga & Meditation,https://www.trustpilot.com/categories/bikram_yoga_studio
Beauty & Well-being,Yoga & Meditation,https://www.trustpilot.com/categories/meditation_center
Beauty & Well-being,Yoga & Meditation,https://www.trustpilot.com/categories/yoga_retreat_center
Beauty & Well-being,Yoga & Meditation,https://www.trustpilot.com/categories/yoga_instructor
Business Services,Administration & Services,https://www.trustpilot.com/categories/corporate_gift_supplier
Business Services,Administration & Services,https://www.trustpilot.com/categories/business_to_business_service
Business Services,Administration & Services,https://www.trustpilot.com/categories/business_services
Business Services,Administration & Services,https://www.trustpilot.com/categories/market_operator
Business Services,Administration & Services,https://www.trustpilot.com/categories/auditor
Business Services,Administration & Services,https://www.trustpilot.com/categories/payment_service
Business Services,Administration & Services,https://www.trustpilot.com/categories/card_processing_service
Business Services,Administration & Services,https://www.trustpilot.com/categories/typing_service
Business Services,Administration & Services,https://www.trustpilot.com/categories/consultant
Business Services,Administration & Services,https://www.trustpilot.com/categories/professional_organizer
Business Services,Administration & Services,https://www.trustpilot.com/categories/business_broker
Business Services,Administration & Services,https://www.trustpilot.com/categories/mapping_service
Business Services,Administration & Services,https://www.trustpilot.com/categories/commercial_agent
Business Services,Administration & Services,https://www.trustpilot.com/categories/corporate_entertainment_service
Business Services,Administration & Services,https://www.trustpilot.com/categories/security_guard_service
Business Services,Administration & Services,https://www.trustpilot.com/categories/executive_search_firm
Business Services,Administration & Services,https://www.trustpilot.com/categories/eftpos_equipment_supplier
Business Services,Administration & Services,https://www.trustpilot.com/categories/bpo_company
Business Services,Administration & Services,https://www.trustpilot.com/categories/store_equipment_supplier
Business Services,Administration & Services,https://www.trustpilot.com/categories/business_administration_service
Business Services,Administration & Services,https://www.trustpilot.com/categories/debris_removal_service
Business Services,Administration & Services,https://www.trustpilot.com/categories/distribution_service
Business Services,Administration & Services,https://www.trustpilot.com/categories/business_management_consultant
Business Services,Associations & Centers,https://www.trustpilot.com/categories/chamber_of_commerce
Business Services,Associations & Centers,https://www.trustpilot.com/categories/business_center
Business Services,Associations & Centers,https://www.trustpilot.com/categories/business_services
Business Services,Associations & Centers,https://www.trustpilot.com/categories/business_networking_company
Business Services,Associations & Centers,https://www.trustpilot.com/categories/chamber_of_agriculture
Business Services,HR & Recruiting,https://www.trustpilot.com/categories/employment_consultant
Business Services,HR & Recruiting,https://www.trustpilot.com/categories/recruiter
Business Services,HR & Recruiting,https://www.trustpilot.com/categories/educational_consultant
Business Services,HR & Recruiting,https://www.trustpilot.com/categories/temp_agency
Business Services,HR & Recruiting,https://www.trustpilot.com/categories/business_services
Business Services,HR & Recruiting,https://www.trustpilot.com/categories/recruitment_service
Business Services,HR & Recruiting,https://www.trustpilot.com/categories/human_ressource_consulting
Business Services,HR & Recruiting,https://www.trustpilot.com/categories/applicant_tracking_system
Business Services,HR & Recruiting,https://www.trustpilot.com/categories/payroll_service
Business Services,HR & Recruiting,https://www.trustpilot.com/categories/talent_agency
Business Services,IT & Communication,https://www.trustpilot.com/categories/business_services
Business Services,IT & Communication,https://www.trustpilot.com/categories/database_management_company
Business Services,IT & Communication,https://www.trustpilot.com/categories/computer_security_service
Business Services,IT & Communication,https://www.trustpilot.com/categories/e_commerce_service
Business Services,IT & Communication,https://www.trustpilot.com/categories/data_destruction_equipment_wholesaler
Business Services,IT & Communication,https://www.trustpilot.com/categories/cloud_storage_service
Business Services,IT & Communication,https://www.trustpilot.com/categories/data_recovery_service
Business Services,IT & Communication,https://www.trustpilot.com/categories/data_entry_service
Business Services,IT & Communication,https://www.trustpilot.com/categories/tower_communication_service
Business Services,IT & Communication,https://www.trustpilot.com/categories/e_commerce_agency
Business Services,IT & Communication,https://www.trustpilot.com/categories/computer_consultant
Business Services,IT & Communication,https://www.trustpilot.com/categories/web_designer
Business Services,IT & Communication,https://www.trustpilot.com/categories/audio_transcription_service
Business Services,IT & Communication,https://www.trustpilot.com/categories/conference_calling_service
Business Services,IT & Communication,https://www.trustpilot.com/categories/automation_company
Business Services,IT & Communication,https://www.trustpilot.com/categories/cloud_computing_service
Business Services,IT & Communication,https://www.trustpilot.com/categories/drives_and_storage_service
Business Services,IT & Communication,https://www.trustpilot.com/categories/transcription_service
Business Services,IT & Communication,https://www.trustpilot.com/categories/mailing_service
Business Services,IT & Communication,https://www.trustpilot.com/categories/accounting_software_company
Business Services,IT & Communication,https://www.trustpilot.com/categories/image_consultant
Business Services,IT & Communication,https://www.trustpilot.com/categories/business_and_it_consulting_agency
Business Services,IT & Communication,https://www.trustpilot.com/categories/video_conferencing_service
Business Services,IT & Communication,https://www.trustpilot.com/categories/virtual_office_rental
Business Services,IT & Communication,https://www.trustpilot.com/categories/fax_service
Business Services,IT & Communication,https://www.trustpilot.com/categories/translator
Business Services,IT & Communication,https://www.trustpilot.com/categories/website_designer
Business Services,IT & Communication,https://www.trustpilot.com/categories/e-commerce_solution_provider
Business Services,Import & Export,https://www.trustpilot.com/categories/foreign_trade_consultant
Business Services,Import & Export,https://www.trustpilot.com/categories/exporter
Business Services,Import & Export,https://www.trustpilot.com/categories/business_services
Business Services,Import & Export,https://www.trustpilot.com/categories/international_trade_consultant
Business Services,Import & Export,https://www.trustpilot.com/categories/garment_exporter
Business Services,Import & Export,https://www.trustpilot.com/categories/electronics_exporter
Business Services,Import & Export,https://www.trustpilot.com/categories/importer
Business Services,Import & Export,https://www.trustpilot.com/categories/import_export_company
Business Services,Office Space & Supplies,https://www.trustpilot.com/categories/coin_operated_locker
Business Services,Office Space & Supplies,https://www.trustpilot.com/categories/commercial_real_estate_agency
Business Services,Office Space & Supplies,https://www.trustpilot.com/categories/stationery_store
Business Services,Office Space & Supplies,https://www.trustpilot.com/categories/commercial_cleaning_service
Business Services,Office Space & Supplies,https://www.trustpilot.com/categories/mailbox_rental_service
Business Services,Office Space & Supplies,https://www.trustpilot.com/categories/coworking_space
Business Services,Office Space & Supplies,https://www.trustpilot.com/categories/executive_suite_rental_agency
Business Services,Office Space & Supplies,https://www.trustpilot.com/categories/commercial_printer
Business Services,Office Space & Supplies,https://www.trustpilot.com/categories/conference_and_meeting_room_organizer
Business Services,Office Space & Supplies,https://www.trustpilot.com/categories/office_equipment_supplier
Business Services,Office Space & Supplies,https://www.trustpilot.com/categories/retail_space_rental_agency
Business Services,Office Space & Supplies,https://www.trustpilot.com/categories/business_services
Business Services,Office Space & Supplies,https://www.trustpilot.com/categories/office_space_rental_agency
Business Services,Office Space & Supplies,https://www.trustpilot.com/categories/commercial_real_estate_inspector
Business Services,Office Space & Supplies,https://www.trustpilot.com/categories/makerspace
Business Services,Office Space & Supplies,https://www.trustpilot.com/categories/office%20supplies_store
Business Services,Office Space & Supplies,https://www.trustpilot.com/categories/office_supply_store
Business Services,Print & Graphic Design,https://www.trustpilot.com/categories/printing_equipment_supplier
Business Services,Print & Graphic Design,https://www.trustpilot.com/categories/print_shop
Business Services,Print & Graphic Design,https://www.trustpilot.com/categories/sticker_manufacturer
Business Services,Print & Graphic Design,https://www.trustpilot.com/categories/print_and_signs_store
Business Services,Print & Graphic Design,https://www.trustpilot.com/categories/graphic_designer
Business Services,Print & Graphic Design,https://www.trustpilot.com/categories/screen_printing_shop
Business Services,Print & Graphic Design,https://www.trustpilot.com/categories/digital_printer
Business Services,Print & Graphic Design,https://www.trustpilot.com/categories/printer_repair_service
Business Services,Print & Graphic Design,https://www.trustpilot.com/categories/toner_cartridge_supplier
Business Services,Print & Graphic Design,https://www.trustpilot.com/categories/business_services
Business Services,Print & Graphic Design,https://www.trustpilot.com/categories/custom_label_printer
Business Services,Print & Graphic Design,https://www.trustpilot.com/categories/sign_shop
Business Services,Print & Graphic Design,https://www.trustpilot.com/categories/printing_equipment_and_supplies
Business Services,Print & Graphic Design,https://www.trustpilot.com/categories/printer_and_scanner_store
Business Services,Print & Graphic Design,https://www.trustpilot.com/categories/screen_printer
Business Services,Print & Graphic Design,https://www.trustpilot.com/categories/greeting_card_shop
Business Services,Print & Graphic Design,https://www.trustpilot.com/categories/digital_printing_service
Business Services,Print & Graphic Design,https://www.trustpilot.com/categories/rubber_stamp_store
Business Services,Research & Development,https://www.trustpilot.com/categories/design_agency
Business Services,Research & Development,https://www.trustpilot.com/categories/industrial_design_company
Business Services,Research & Development,https://www.trustpilot.com/categories/research_and_product_development
Business Services,Research & Development,https://www.trustpilot.com/categories/laboratory
Business Services,Research & Development,https://www.trustpilot.com/categories/business_services
Business Services,Research & Development,https://www.trustpilot.com/categories/market_researcher
Business Services,Sales & Marketing,https://www.trustpilot.com/categories/advertising_photographer
Business Services,Sales & Marketing,https://www.trustpilot.com/categories/crm_provider
Business Services,Sales & Marketing,https://www.trustpilot.com/categories/banner_store
Business Services,Sales & Marketing,https://www.trustpilot.com/categories/promotional_products_supplier
Business Services,Sales & Marketing,https://www.trustpilot.com/categories/business_services
Business Services,Sales & Marketing,https://www.trustpilot.com/categories/business_development_service
Business Services,Sales & Marketing,https://www.trustpilot.com/categories/call_center
Business Services,Sales & Marketing,https://www.trustpilot.com/categories/promotional_items_store
Business Services,Sales & Marketing,https://www.trustpilot.com/categories/seo_service
Business Services,Sales & Marketing,https://www.trustpilot.com/categories/marketing_agency
Business Services,Sales & Marketing,https://www.trustpilot.com/categories/meeting_planning_service
Business Services,Sales & Marketing,https://www.trustpilot.com/categories/affiliate_marketing_service
Business Services,Sales & Marketing,https://www.trustpilot.com/categories/internet_marketing_service
Business Services,Sales & Marketing,https://www.trustpilot.com/categories/online_marketing_agency
Business Services,Sales & Marketing,https://www.trustpilot.com/categories/advertising_agency
Business Services,Sales & Marketing,https://www.trustpilot.com/categories/desktop_publishing_service
Business Services,Sales & Marketing,https://www.trustpilot.com/categories/telemarketing_service
Business Services,Sales & Marketing,https://www.trustpilot.com/categories/media_consultant
Business Services,Sales & Marketing,https://www.trustpilot.com/categories/direct_mail_advertising
Business Services,Sales & Marketing,https://www.trustpilot.com/categories/marketing_consultant
Business Services,Shipping & Logistics,https://www.trustpilot.com/categories/freight_forwarding_service
Business Services,Shipping & Logistics,https://www.trustpilot.com/categories/packaging_machinery
Business Services,Shipping & Logistics,https://www.trustpilot.com/categories/business_services
Business Services,Shipping & Logistics,https://www.trustpilot.com/categories/courier_service
Business Services,Shipping & Logistics,https://www.trustpilot.com/categories/containers_supplier
Business Services,Shipping & Logistics,https://www.trustpilot.com/categories/logistics_service
Business Services,Shipping & Logistics,https://www.trustpilot.com/categories/shipping_company
Business Services,Shipping & Logistics,https://www.trustpilot.com/categories/warehouse
Business Services,Shipping & Logistics,https://www.trustpilot.com/categories/shipping_and_mailing_service
Business Services,Shipping & Logistics,https://www.trustpilot.com/categories/packaging_store
Business Services,Shipping & Logistics,https://www.trustpilot.com/categories/delivery_service
Business Services,Shipping & Logistics,https://www.trustpilot.com/categories/circular_distribution_service
Business Services,Shipping & Logistics,https://www.trustpilot.com/categories/container_service
Business Services,Shipping & Logistics,https://www.trustpilot.com/categories/courier_and_delivery_service
Business Services,Shipping & Logistics,https://www.trustpilot.com/categories/packaging_company
Business Services,Shipping & Logistics,https://www.trustpilot.com/categories/shipping_equipment_industry
Business Services,Shipping & Logistics,https://www.trustpilot.com/categories/vehicle_shipping_agent
Business Services,Shipping & Logistics,https://www.trustpilot.com/categories/packaging_supply_store
Business Services,Shipping & Logistics,https://www.trustpilot.com/categories/shipping_service
Business Services,Wholesale,https://www.trustpilot.com/categories/wholesaler_household_appliances
Business Services,Wholesale,https://www.trustpilot.com/categories/chemical_wholesaler
Business Services,Wholesale,https://www.trustpilot.com/categories/business_services
Business Services,Wholesale,https://www.trustpilot.com/categories/plastic_wholesaler
Business Services,Wholesale,https://www.trustpilot.com/categories/construction_material_wholesaler
Business Services,Wholesale,https://www.trustpilot.com/categories/electrical_appliance_wholesaler
Business Services,Wholesale,https://www.trustpilot.com/categories/sports_accessories_wholesaler
Business Services,Wholesale,https://www.trustpilot.com/categories/wholesaler
Business Services,Wholesale,https://www.trustpilot.com/categories/electrical_wholesaler
Business Services,Wholesale,https://www.trustpilot.com/categories/plastic_bags_wholesaler
Business Services,Wholesale,https://www.trustpilot.com/categories/clothing_wholesale_market_place
Business Services,Wholesale,https://www.trustpilot.com/categories/wholesale_market
Business Services,Wholesale,https://www.trustpilot.com/categories/oil_wholesaler
Business Services,Wholesale,https://www.trustpilot.com/categories/tool_wholesaler
Business Services,Wholesale,https://www.trustpilot.com/categories/glassware_wholesaler
Business Services,Wholesale,https://www.trustpilot.com/categories/clothing_wholesaler
Business Services,Wholesale,https://www.trustpilot.com/categories/novelties_wholesaler
Business Services,Wholesale,https://www.trustpilot.com/categories/industrial_chemicals_wholesaler
Business Services,Wholesale,https://www.trustpilot.com/categories/lighting_wholesaler
Business Services,Wholesale,https://www.trustpilot.com/categories/wholesale_food_store
Construction & Manufacturing,Architects & Engineers,https://www.trustpilot.com/categories/fabrication_engineer
Construction & Manufacturing,Architects & Engineers,https://www.trustpilot.com/categories/building_design_company
Construction & Manufacturing,Architects & Engineers,https://www.trustpilot.com/categories/mechanical_engineer
Construction & Manufacturing,Architects & Engineers,https://www.trustpilot.com/categories/civil_engineer
Construction & Manufacturing,Architects & Engineers,https://www.trustpilot.com/categories/architectural_and_engineering_model_maker
Construction & Manufacturing,Architects & Engineers,https://www.trustpilot.com/categories/design_engineer
Construction & Manufacturing,Architects & Engineers,https://www.trustpilot.com/categories/blueprint_service
Construction & Manufacturing,Architects & Engineers,https://www.trustpilot.com/categories/electrical_engineer
Construction & Manufacturing,Architects & Engineers,https://www.trustpilot.com/categories/structural_engineer
Construction & Manufacturing,Architects & Engineers,https://www.trustpilot.com/categories/civil_engineering_company
Construction & Manufacturing,Architects & Engineers,https://www.trustpilot.com/categories/construction_manufactoring
Construction & Manufacturing,Architects & Engineers,https://www.trustpilot.com/categories/architect
Construction & Manufacturing,Architects & Engineers,https://www.trustpilot.com/categories/engineer
Construction & Manufacturing,Architects & Engineers,https://www.trustpilot.com/categories/telecommunications_engineer
Construction & Manufacturing,Architects & Engineers,https://www.trustpilot.com/categories/architecture_firm
Construction & Manufacturing,Architects & Engineers,https://www.trustpilot.com/categories/architectural_designer
Construction & Manufacturing,Building Materials,https://www.trustpilot.com/categories/woodworker
Construction & Manufacturing,Building Materials,https://www.trustpilot.com/categories/window_supplier
Construction & Manufacturing,Building Materials,https://www.trustpilot.com/categories/concrete_product_supplier
Construction & Manufacturing,Building Materials,https://www.trustpilot.com/categories/glass_shop
Construction & Manufacturing,Building Materials,https://www.trustpilot.com/categories/concrete_contractor
Construction & Manufacturing,Building Materials,https://www.trustpilot.com/categories/lumber_store
Construction & Manufacturing,Building Materials,https://www.trustpilot.com/categories/metal_supplier
Construction & Manufacturing,Building Materials,https://www.trustpilot.com/categories/steel_distributor
Construction & Manufacturing,Building Materials,https://www.trustpilot.com/categories/natural_stone_supplier
Construction & Manufacturing,Building Materials,https://www.trustpilot.com/categories/stone_supplier
Construction & Manufacturing,Building Materials,https://www.trustpilot.com/categories/construction_manufactoring
Construction & Manufacturing,Building Materials,https://www.trustpilot.com/categories/turf_supplier
Construction & Manufacturing,Building Materials,https://www.trustpilot.com/categories/woodworking_supply_store
Construction & Manufacturing,Building Materials,https://www.trustpilot.com/categories/door_supplier
Construction & Manufacturing,Building Materials,https://www.trustpilot.com/categories/wood_supplier
Construction & Manufacturing,Chemicals & Plastic,https://www.trustpilot.com/categories/chemistry_lab
Construction & Manufacturing,Chemicals & Plastic,https://www.trustpilot.com/categories/plastic_fabrication_company
Construction & Manufacturing,Chemicals & Plastic,https://www.trustpilot.com/categories/plastic_injection_molding_service
Construction & Manufacturing,Chemicals & Plastic,https://www.trustpilot.com/categories/construction_manufactoring
Construction & Manufacturing,Chemicals & Plastic,https://www.trustpilot.com/categories/biochemical_supplier
Construction & Manufacturing,Construction Services,https://www.trustpilot.com/categories/stone_cutter
Construction & Manufacturing,Construction Services,https://www.trustpilot.com/categories/road_construction_machine_repair_service
Construction & Manufacturing,Construction Services,https://www.trustpilot.com/categories/stonemason
Construction & Manufacturing,Construction Services,https://www.trustpilot.com/categories/building_restoration_service
Construction & Manufacturing,Construction Services,https://www.trustpilot.com/categories/window_installation_service
Construction & Manufacturing,Construction Services,https://www.trustpilot.com/categories/construction_machine_rental_service
Construction & Manufacturing,Construction Services,https://www.trustpilot.com/categories/window_tinting_service
Construction & Manufacturing,Construction Services,https://www.trustpilot.com/categories/construction_manufactoring
Construction & Manufacturing,Construction Services,https://www.trustpilot.com/categories/crane_service
Construction & Manufacturing,Construction Services,https://www.trustpilot.com/categories/wood_floor_installation_service
Construction & Manufacturing,Contractors & Consultants,https://www.trustpilot.com/categories/solar_energy_contractor
Construction & Manufacturing,Contractors & Consultants,https://www.trustpilot.com/categories/modular_home_builder
Construction & Manufacturing,Contractors & Consultants,https://www.trustpilot.com/categories/masonry_contractor
Construction & Manufacturing,Contractors & Consultants,https://www.trustpilot.com/categories/contractor
Construction & Manufacturing,Contractors & Consultants,https://www.trustpilot.com/categories/fence_contractor
Construction & Manufacturing,Contractors & Consultants,https://www.trustpilot.com/categories/building_firm
Construction & Manufacturing,Contractors & Consultants,https://www.trustpilot.com/categories/construction_company
Construction & Manufacturing,Contractors & Consultants,https://www.trustpilot.com/categories/real_estate_surveyor
Construction & Manufacturing,Contractors & Consultants,https://www.trustpilot.com/categories/garage_builder
Construction & Manufacturing,Contractors & Consultants,https://www.trustpilot.com/categories/lighting_contractor
Construction & Manufacturing,Contractors & Consultants,https://www.trustpilot.com/categories/engineering_consultant
Construction & Manufacturing,Contractors & Consultants,https://www.trustpilot.com/categories/stair_contractor
Construction & Manufacturing,Contractors & Consultants,https://www.trustpilot.com/categories/excavating_contractor
Construction & Manufacturing,Contractors & Consultants,https://www.trustpilot.com/categories/heating_contractor
Construction & Manufacturing,Contractors & Consultants,https://www.trustpilot.com/categories/home_builder
Construction & Manufacturing,Contractors & Consultants,https://www.trustpilot.com/categories/custom_home_builder
Construction & Manufacturing,Contractors & Consultants,https://www.trustpilot.com/categories/general_contractor
Construction & Manufacturing,Contractors & Consultants,https://www.trustpilot.com/categories/roofing_contractor
Construction & Manufacturing,Contractors & Consultants,https://www.trustpilot.com/categories/tennis_court_construction_company
Construction & Manufacturing,Contractors & Consultants,https://www.trustpilot.com/categories/demolition_contractor
Construction & Manufacturing,Contractors & Consultants,https://www.trustpilot.com/categories/interior_construction_contractor
Construction & Manufacturing,Contractors & Consultants,https://www.trustpilot.com/categories/sunroom_contractor
Construction & Manufacturing,Contractors & Consultants,https://www.trustpilot.com/categories/drilling_contractor
Construction & Manufacturing,Contractors & Consultants,https://www.trustpilot.com/categories/marble_contractor
Construction & Manufacturing,Contractors & Consultants,https://www.trustpilot.com/categories/air_conditioning_contractor
Construction & Manufacturing,Contractors & Consultants,https://www.trustpilot.com/categories/skylight_contractor
Construction & Manufacturing,Contractors & Consultants,https://www.trustpilot.com/categories/construction_and_maintenance_office
Construction & Manufacturing,Contractors & Consultants,https://www.trustpilot.com/categories/tile_contractor
Construction & Manufacturing,Contractors & Consultants,https://www.trustpilot.com/categories/construction_manufactoring
Construction & Manufacturing,Contractors & Consultants,https://www.trustpilot.com/categories/acoustical_consultant
Construction & Manufacturing,Contractors & Consultants,https://www.trustpilot.com/categories/prefabricated_house_companies
Construction & Manufacturing,Contractors & Consultants,https://www.trustpilot.com/categories/insulation_contractor
Construction & Manufacturing,Contractors & Consultants,https://www.trustpilot.com/categories/housing_development
Construction & Manufacturing,Contractors & Consultants,https://www.trustpilot.com/categories/log_home_builder
Construction & Manufacturing,Contractors & Consultants,https://www.trustpilot.com/categories/building_consultant
Construction & Manufacturing,Contractors & Consultants,https://www.trustpilot.com/categories/siding_contractor
Construction & Manufacturing,Contractors & Consultants,https://www.trustpilot.com/categories/hvac_contractor
Construction & Manufacturing,Contractors & Consultants,https://www.trustpilot.com/categories/shed_builder
Construction & Manufacturing,Contractors & Consultants,https://www.trustpilot.com/categories/trade_fair_construction_company
Construction & Manufacturing,Contractors & Consultants,https://www.trustpilot.com/categories/railing_contractor
Construction & Manufacturing,Contractors & Consultants,https://www.trustpilot.com/categories/paving_contractor
Construction & Manufacturing,Contractors & Consultants,https://www.trustpilot.com/categories/property_maintenance
Construction & Manufacturing,Factory Equipment,https://www.trustpilot.com/categories/scale_supplier
Construction & Manufacturing,Factory Equipment,https://www.trustpilot.com/categories/commercial_refrigeration
Construction & Manufacturing,Factory Equipment,https://www.trustpilot.com/categories/factory_equipment_supplier
Construction & Manufacturing,Factory Equipment,https://www.trustpilot.com/categories/pump_supplier
Construction & Manufacturing,Factory Equipment,https://www.trustpilot.com/categories/electrical_equipment_supplier
Construction & Manufacturing,Factory Equipment,https://www.trustpilot.com/categories/machine_construction
Construction & Manufacturing,Factory Equipment,https://www.trustpilot.com/categories/industrial_equipment_supplier
Construction & Manufacturing,Factory Equipment,https://www.trustpilot.com/categories/laboratory_equipment_supplier
Construction & Manufacturing,Factory Equipment,https://www.trustpilot.com/categories/hydraulic_equipment_supplier
Construction & Manufacturing,Factory Equipment,https://www.trustpilot.com/categories/construction_manufactoring
Construction & Manufacturing,Factory Equipment,https://www.trustpilot.com/categories/industrial_vacuum_equipment_supplier
Construction & Manufacturing,Factory Equipment,https://www.trustpilot.com/categories/water_treatment_supplier
Construction & Manufacturing,Factory Equipment,https://www.trustpilot.com/categories/water_pump_supplier
Construction & Manufacturing,Garden & Landscaping,https://www.trustpilot.com/categories/deck_builder
Construction & Manufacturing,Garden & Landscaping,https://www.trustpilot.com/categories/landscape_lighting_designer
Construction & Manufacturing,Garden & Landscaping,https://www.trustpilot.com/categories/landscape_architect
Construction & Manufacturing,Garden & Landscaping,https://www.trustpilot.com/categories/landscaping_supply_store
Construction & Manufacturing,Garden & Landscaping,https://www.trustpilot.com/categories/landscaping_service
Construction & Manufacturing,Garden & Landscaping,https://www.trustpilot.com/categories/landscaper
Construction & Manufacturing,Garden & Landscaping,https://www.trustpilot.com/categories/water_works_equipment_supplier
Construction & Manufacturing,Garden & Landscaping,https://www.trustpilot.com/categories/land_allotment
Construction & Manufacturing,Garden & Landscaping,https://www.trustpilot.com/categories/carport_and_pergola_builder
Construction & Manufacturing,Garden & Landscaping,https://www.trustpilot.com/categories/construction_manufactoring
Construction & Manufacturing,Garden & Landscaping,https://www.trustpilot.com/categories/landscape_designer
Construction & Manufacturing,Garden & Landscaping,https://www.trustpilot.com/categories/gazebo_builder
Construction & Manufacturing,Industrial Supplies,https://www.trustpilot.com/categories/heating_equipment_supplier
Construction & Manufacturing,Industrial Supplies,https://www.trustpilot.com/categories/gas_logs_supplier
Construction & Manufacturing,Industrial Supplies,https://www.trustpilot.com/categories/decal_supplier
Construction & Manufacturing,Industrial Supplies,https://www.trustpilot.com/categories/industrial_framework_supplier
Construction & Manufacturing,Industrial Supplies,https://www.trustpilot.com/categories/metal_industry_suppliers
Construction & Manufacturing,Industrial Supplies,https://www.trustpilot.com/categories/polymer_supplier
Construction & Manufacturing,Industrial Supplies,https://www.trustpilot.com/categories/solar_hot_water_system_supplier
Construction & Manufacturing,Industrial Supplies,https://www.trustpilot.com/categories/plastic_bag_supplier
Construction & Manufacturing,Industrial Supplies,https://www.trustpilot.com/categories/protective_clothing_supplier
Construction & Manufacturing,Industrial Supplies,https://www.trustpilot.com/categories/fastener_supplier
Construction & Manufacturing,Industrial Supplies,https://www.trustpilot.com/categories/paper_bag_supplier
Construction & Manufacturing,Industrial Supplies,https://www.trustpilot.com/categories/water_filter_supplier
Construction & Manufacturing,Industrial Supplies,https://www.trustpilot.com/categories/abrasives_supplier
Construction & Manufacturing,Industrial Supplies,https://www.trustpilot.com/categories/plastic_products_supplier
Construction & Manufacturing,Industrial Supplies,https://www.trustpilot.com/categories/portable_toilet_supplier
Construction & Manufacturing,Industrial Supplies,https://www.trustpilot.com/categories/pallet_supplier
Construction & Manufacturing,Industrial Supplies,https://www.trustpilot.com/categories/construction_manufactoring
Construction & Manufacturing,Industrial Supplies,https://www.trustpilot.com/categories/water_softening_equipment_supplier
Construction & Manufacturing,Industrial Supplies,https://www.trustpilot.com/categories/hot_water_system_supplier
Construction & Manufacturing,Industrial Supplies,https://www.trustpilot.com/categories/air_filter_supplier
Construction & Manufacturing,Industrial Supplies,https://www.trustpilot.com/categories/finishing_materials_supplier
Construction & Manufacturing,Industrial Supplies,https://www.trustpilot.com/categories/fire_protection_system_supplier
Construction & Manufacturing,Manufacturing,https://www.trustpilot.com/categories/mold_maker
Construction & Manufacturing,Manufacturing,https://www.trustpilot.com/categories/chemical_manufacturer
Construction & Manufacturing,Manufacturing,https://www.trustpilot.com/categories/tool_manufacturer
Construction & Manufacturing,Manufacturing,https://www.trustpilot.com/categories/metal_processing_company
Construction & Manufacturing,Manufacturing,https://www.trustpilot.com/categories/fireplace_manufacturer
Construction & Manufacturing,Manufacturing,https://www.trustpilot.com/categories/aluminum_welder
Construction & Manufacturing,Manufacturing,https://www.trustpilot.com/categories/agricultural_machinery_manufacturer
Construction & Manufacturing,Manufacturing,https://www.trustpilot.com/categories/glass_manufacturer
Construction & Manufacturing,Manufacturing,https://www.trustpilot.com/categories/machinery_parts_manufacturer
Construction & Manufacturing,Manufacturing,https://www.trustpilot.com/categories/machining_manufacturer
Construction & Manufacturing,Manufacturing,https://www.trustpilot.com/categories/welder
Construction & Manufacturing,Manufacturing,https://www.trustpilot.com/categories/machine_workshop
Construction & Manufacturing,Manufacturing,https://www.trustpilot.com/categories/textile_mill
Construction & Manufacturing,Manufacturing,https://www.trustpilot.com/categories/steel_fabricator
Construction & Manufacturing,Manufacturing,https://www.trustpilot.com/categories/steelwork_manufacturer
Construction & Manufacturing,Manufacturing,https://www.trustpilot.com/categories/industrial_real_estate_agency
Construction & Manufacturing,Manufacturing,https://www.trustpilot.com/categories/fabric_product_manufacturer
Construction & Manufacturing,Manufacturing,https://www.trustpilot.com/categories/manufacturer
Construction & Manufacturing,Manufacturing,https://www.trustpilot.com/categories/metal_fabricator
Construction & Manufacturing,Manufacturing,https://www.trustpilot.com/categories/portable_building_manufacturer
Construction & Manufacturing,Manufacturing,https://www.trustpilot.com/categories/construction_manufactoring
Construction & Manufacturing,Manufacturing,https://www.trustpilot.com/categories/lighting_manufacturer
Construction & Manufacturing,Manufacturing,https://www.trustpilot.com/categories/ventilating_equipment_manufacturer
Construction & Manufacturing,Manufacturing,https://www.trustpilot.com/categories/fmcg_manufacturer
Construction & Manufacturing,Manufacturing,https://www.trustpilot.com/categories/electronics_manufacturer
Construction & Manufacturing,Manufacturing,https://www.trustpilot.com/categories/paint_manufacturer
Construction & Manufacturing,Manufacturing,https://www.trustpilot.com/categories/electric_utility_manufacturer
Construction & Manufacturing,Manufacturing,https://www.trustpilot.com/categories/clothes_and_fabric_manufacturer
Construction & Manufacturing,Manufacturing,https://www.trustpilot.com/categories/tile_manufacturer
Construction & Manufacturing,Manufacturing,https://www.trustpilot.com/categories/industrial_area
Construction & Manufacturing,Manufacturing,https://www.trustpilot.com/categories/iron_works
Construction & Manufacturing,Production Services,https://www.trustpilot.com/categories/machine_maintenance
Construction & Manufacturing,Production Services,https://www.trustpilot.com/categories/drafting_service
Construction & Manufacturing,Production Services,https://www.trustpilot.com/categories/equipment_rental_agency
Construction & Manufacturing,Production Services,https://www.trustpilot.com/categories/manufacturing%20service
Construction & Manufacturing,Production Services,https://www.trustpilot.com/categories/construction_manufactoring
Construction & Manufacturing,Production Services,https://www.trustpilot.com/categories/hydraulic_repair_service
Construction & Manufacturing,Production Services,https://www.trustpilot.com/categories/machine_shop
Construction & Manufacturing,Tools & Equipment,https://www.trustpilot.com/categories/hose_supplier
Construction & Manufacturing,Tools & Equipment,https://www.trustpilot.com/categories/tool_store
Construction & Manufacturing,Tools & Equipment,https://www.trustpilot.com/categories/pipe_supplier
Construction & Manufacturing,Tools & Equipment,https://www.trustpilot.com/categories/safety_equipment_supplier
Construction & Manufacturing,Tools & Equipment,https://www.trustpilot.com/categories/safety_and_work_wear_store
Construction & Manufacturing,Tools & Equipment,https://www.trustpilot.com/categories/equipment_supplier
Construction & Manufacturing,Tools & Equipment,https://www.trustpilot.com/categories/janitorial_equipment_supplier
Construction & Manufacturing,Tools & Equipment,https://www.trustpilot.com/categories/building_materials_market
Construction & Manufacturing,Tools & Equipment,https://www.trustpilot.com/categories/construction_equipment_supplier
Construction & Manufacturing,Tools & Equipment,https://www.trustpilot.com/categories/playground_equipment_supplier
Construction & Manufacturing,Tools & Equipment,https://www.trustpilot.com/categories/building_equipment_hire_service
Construction & Manufacturing,Tools & Equipment,https://www.trustpilot.com/categories/building_materials_supplier
Construction & Manufacturing,Tools & Equipment,https://www.trustpilot.com/categories/construction_manufactoring
Construction & Manufacturing,Tools & Equipment,https://www.trustpilot.com/categories/material_handling_equipment_supplier
Construction & Manufacturing,Tools & Equipment,https://www.trustpilot.com/categories/building_materials_store
Construction & Manufacturing,Tools & Equipment,https://www.trustpilot.com/categories/plumbing_supply_store
Construction & Manufacturing,Tools & Equipment,https://www.trustpilot.com/categories/construction_machinery_and_equipment_store
Construction & Manufacturing,Tools & Equipment,https://www.trustpilot.com/categories/construction_machine_dealer
Education & Training,Courses & Classes,https://www.trustpilot.com/categories/computer_training_school
Education & Training,Courses & Classes,https://www.trustpilot.com/categories/software_training_institute
Education & Training,Courses & Classes,https://www.trustpilot.com/categories/education_training
Education & Training,Courses & Classes,https://www.trustpilot.com/categories/cooking_class
Education & Training,Courses & Classes,https://www.trustpilot.com/categories/culinary_school
Education & Training,Courses & Classes,https://www.trustpilot.com/categories/class
Home Services,Plumbing & Sanitation,https://www.trustpilot.com/categories/pest_control_service
Home Services,Plumbing & Sanitation,https://www.trustpilot.com/categories/water_testing_service
Home Services,Plumbing & Sanitation,https://www.trustpilot.com/categories/home_services
Home Services,Plumbing & Sanitation,https://www.trustpilot.com/categories/gutter_cleaning_service
Home Services,Plumbing & Sanitation,https://www.trustpilot.com/categories/plumber
Home Services,Repair Service Providers,https://www.trustpilot.com/categories/radiator_repair_service
Home Services,Repair Service Providers,https://www.trustpilot.com/categories/repair_service
Home Services,Repair Service Providers,https://www.trustpilot.com/categories/glass_repair_service
Home Services,Repair Service Providers,https://www.trustpilot.com/categories/home_services
Home Services,Repair Service Providers,https://www.trustpilot.com/categories/hot_tub_repair_service
Legal Services & Government,Customs & Toll,https://www.trustpilot.com/categories/immigration_and_naturalization_service
Legal Services & Government,Customs & Toll,https://www.trustpilot.com/categories/legal_services_government
Legal Services & Government,Customs & Toll,https://www.trustpilot.com/categories/customs_broker
Legal Services & Government,Law Enforcement,https://www.trustpilot.com/categories/private_investigator
Legal Services & Government,Law Enforcement,https://www.trustpilot.com/categories/legal_services_government
Legal Services & Government,Law Enforcement,https://www.trustpilot.com/categories/forensic_consultant
Legal Services & Government,Law Enforcement,https://www.trustpilot.com/categories/bail_bonds_service
Legal Services & Government,Lawyers & Attorneys,https://www.trustpilot.com/categories/personal_injury_lawyer
Legal Services & Government,Lawyers & Attorneys,https://www.trustpilot.com/categories/estate_planning_attorney
Legal Services & Government,Lawyers & Attorneys,https://www.trustpilot.com/categories/barrister
Legal Services & Government,Lawyers & Attorneys,https://www.trustpilot.com/categories/insurance_attorney
Legal Services & Government,Lawyers & Attorneys,https://www.trustpilot.com/categories/real_estate_attorney
Legal Services & Government,Lawyers & Attorneys,https://www.trustpilot.com/categories/family_law_attorney
Legal Services & Government,Lawyers & Attorneys,https://www.trustpilot.com/categories/trial_attorney
Legal Services & Government,Lawyers & Attorneys,https://www.trustpilot.com/categories/legal_services_government
Legal Services & Government,Lawyers & Attorneys,https://www.trustpilot.com/categories/immigration_attorney
Legal Services & Government,Lawyers & Attorneys,https://www.trustpilot.com/categories/lawyer
Legal Services & Government,Lawyers & Attorneys,https://www.trustpilot.com/categories/civil_law_attorney
Legal Services & Government,Lawyers & Attorneys,https://www.trustpilot.com/categories/tax_attorney
Legal Services & Government,Lawyers & Attorneys,https://www.trustpilot.com/categories/administrative_attorney
Legal Services & Government,Lawyers & Attorneys,https://www.trustpilot.com/categories/elder_law_attorney
Legal Services & Government,Lawyers & Attorneys,https://www.trustpilot.com/categories/criminal_law_attorney
Legal Services & Government,Lawyers & Attorneys,https://www.trustpilot.com/categories/employment_attorney
Legal Services & Government,Lawyers & Attorneys,https://www.trustpilot.com/categories/bankruptcy_attorney
Legal Services & Government,Lawyers & Attorneys,https://www.trustpilot.com/categories/attorney_referral_service
Legal Services & Government,Lawyers & Attorneys,https://www.trustpilot.com/categories/law_firm
Legal Services & Government,Lawyers & Attorneys,https://www.trustpilot.com/categories/general_practice_attorney
Legal Services & Government,Lawyers & Attorneys,https://www.trustpilot.com/categories/divorce_attorney
Legal Services & Government,Legal Service Providers,https://www.trustpilot.com/categories/divorce_service
Legal Services & Government,Legal Service Providers,https://www.trustpilot.com/categories/passport_agent
Legal Services & Government,Legal Service Providers,https://www.trustpilot.com/categories/small_claims_assistance_service
Legal Services & Government,Legal Service Providers,https://www.trustpilot.com/categories/mediation_service
Legal Services & Government,Legal Service Providers,https://www.trustpilot.com/categories/legal_services_government
Legal Services & Government,Legal Service Providers,https://www.trustpilot.com/categories/legal_services
Legal Services & Government,Legal Service Providers,https://www.trustpilot.com/categories/reclamation_centre
Legal Services & Government,Legal Service Providers,https://www.trustpilot.com/categories/paralegal_services_provider
Legal Services & Government,Legal Service Providers,https://www.trustpilot.com/categories/passport_office
Legal Services & Government,Legal Service Providers,https://www.trustpilot.com/categories/foreclosure_service
Legal Services & Government,Legal Service Providers,https://www.trustpilot.com/categories/notary_public
Legal Services & Government,Libraries & Archives,https://www.trustpilot.com/categories/legal_services_government
Legal Services & Government,Libraries & Archives,https://www.trustpilot.com/categories/library
Legal Services & Government,Libraries & Archives,https://www.trustpilot.com/categories/law_library
Legal Services & Government,Municipal Department,https://www.trustpilot.com/categories/municipal_corporation
Legal Services & Government,Municipal Department,https://www.trustpilot.com/categories/municipal_administration_office
Legal Services & Government,Municipal Department,https://www.trustpilot.com/categories/city_government_office
Legal Services & Government,Municipal Department,https://www.trustpilot.com/categories/legal_services_government
Legal Services & Government,Municipal Department,https://www.trustpilot.com/categories/city_employment_department
Legal Services & Government,Municipal Department,https://www.trustpilot.com/categories/counselor
Legal Services & Government,Municipal Department,https://www.trustpilot.com/categories/council
Legal Services & Government,Registration Services,https://www.trustpilot.com/categories/intellectual_property_registry
Legal Services & Government,Registration Services,https://www.trustpilot.com/categories/license_bureau
Legal Services & Government,Registration Services,https://www.trustpilot.com/categories/drivers_license_office
Legal Services & Government,Registration Services,https://www.trustpilot.com/categories/legal_services_government
Legal Services & Government,Registration Services,https://www.trustpilot.com/categories/registry_office
Legal Services & Government,Registration Services,https://www.trustpilot.com/categories/property_registry
Legal Services & Government,Registration Services,https://www.trustpilot.com/categories/company_registry
Legal Services & Government,Registration Services,https://www.trustpilot.com/categories/certification_agency
Media & Publishing,Books & Magazines,https://www.trustpilot.com/categories/used_book_store
Media & Publishing,Books & Magazines,https://www.trustpilot.com/categories/book_publisher
Media & Publishing,Books & Magazines,https://www.trustpilot.com/categories/childrens_book_store
Media & Publishing,Books & Magazines,https://www.trustpilot.com/categories/record_store
Media & Publishing,Books & Magazines,https://www.trustpilot.com/categories/publisher
Media & Publishing,Books & Magazines,https://www.trustpilot.com/categories/rare_book_store
Media & Publishing,Books & Magazines,https://www.trustpilot.com/categories/books_wholesaler
Media & Publishing,Books & Magazines,https://www.trustpilot.com/categories/media_publishing
Media & Publishing,Books & Magazines,https://www.trustpilot.com/categories/multimedia_and_electronic_book_publisher
Media & Publishing,Books & Magazines,https://www.trustpilot.com/categories/magazine_store
Media & Publishing,Books & Magazines,https://www.trustpilot.com/categories/book_store
Media & Publishing,Media & Information,https://www.trustpilot.com/categories/social_media_agency
Media & Publishing,Media & Information,https://www.trustpilot.com/categories/news_service
Media & Publishing,Media & Information,https://www.trustpilot.com/categories/newspaper_publisher
Media & Publishing,Media & Information,https://www.trustpilot.com/categories/media_and_marketing_agency
Media & Publishing,Media & Information,https://www.trustpilot.com/categories/media_house
Media & Publishing,Media & Information,https://www.trustpilot.com/categories/television_station
Media & Publishing,Media & Information,https://www.trustpilot.com/categories/blogger
Media & Publishing,Media & Information,https://www.trustpilot.com/categories/public_relations_firm
Media & Publishing,Media & Information,https://www.trustpilot.com/categories/media_publishing
Media & Publishing,Media & Information,https://www.trustpilot.com/categories/radio_broadcaster
Media & Publishing,Media & Information,https://www.trustpilot.com/categories/media_company
Media & Publishing,Media & Information,https://www.trustpilot.com/categories/news_cooperation
Media & Publishing,Photography,https://www.trustpilot.com/categories/model_portfolio_studio
Media & Publishing,Photography,https://www.trustpilot.com/categories/photography_service
Media & Publishing,Photography,https://www.trustpilot.com/categories/portrait_studio
Media & Publishing,Photography,https://www.trustpilot.com/categories/photo_agency
Media & Publishing,Photography,https://www.trustpilot.com/categories/aerial_photographer
Media & Publishing,Photography,https://www.trustpilot.com/categories/media_publishing
Media & Publishing,Photography,https://www.trustpilot.com/categories/photographer
Media & Publishing,Photography,https://www.trustpilot.com/categories/photography_studio
Media & Publishing,Photography,https://www.trustpilot.com/categories/photo_printing_service
Media & Publishing,Video & Sound,https://www.trustpilot.com/categories/movie_studio
Media & Publishing,Video & Sound,https://www.trustpilot.com/categories/video_editing_service
Media & Publishing,Video & Sound,https://www.trustpilot.com/categories/audio_visual_consultant
Media & Publishing,Video & Sound,https://www.trustpilot.com/categories/media_publishing
Media & Publishing,Video & Sound,https://www.trustpilot.com/categories/audio_visual_equipment_supplier
Media & Publishing,Video & Sound,https://www.trustpilot.com/categories/video_production_service
Media & Publishing,Video & Sound,https://www.trustpilot.com/categories/music_store
Media & Publishing,Video & Sound,https://www.trustpilot.com/categories/animation_studio
Media & Publishing,Video & Sound,https://www.trustpilot.com/categories/record_company
Media & Publishing,Video & Sound,https://www.trustpilot.com/categories/film_and_video_producer
Media & Publishing,Video & Sound,https://www.trustpilot.com/categories/recording_studio
Media & Publishing,Video & Sound,https://www.trustpilot.com/categories/music_producer
Media & Publishing,Video & Sound,https://www.trustpilot.com/categories/music_publisher
Media & Publishing,Video & Sound,https://www.trustpilot.com/categories/dvd_store
Media & Publishing,Video & Sound,https://www.trustpilot.com/categories/music_management_and_promotion
Media & Publishing,Video & Sound,https://www.trustpilot.com/categories/used_cd_store
Media & Publishing,Video & Sound,https://www.trustpilot.com/categories/cd_store
Media & Publishing,Video & Sound,https://www.trustpilot.com/categories/film_production_company
Media & Publishing,Video & Sound,https://www.trustpilot.com/categories/video_duplication_service
Money & Insurance,Accounting & Tax,https://www.trustpilot.com/categories/accounting_firm
Money & Insurance,Accounting & Tax,https://www.trustpilot.com/categories/chartered_accountant
Money & Insurance,Accounting & Tax,https://www.trustpilot.com/categories/tax_preparation_software
Money & Insurance,Accounting & Tax,https://www.trustpilot.com/categories/certified_public_accountant
Money & Insurance,Accounting & Tax,https://www.trustpilot.com/categories/tax_preparation
Money & Insurance,Accounting & Tax,https://www.trustpilot.com/categories/accountant
Money & Insurance,Accounting & Tax,https://www.trustpilot.com/categories/bankruptcy_service
Money & Insurance,Accounting & Tax,https://www.trustpilot.com/categories/money_insurance
Money & Insurance,Accounting & Tax,https://www.trustpilot.com/categories/tax_consultant
Money & Insurance,Accounting & Tax,https://www.trustpilot.com/categories/tax_preparation_service
Money & Insurance,Accounting & Tax,https://www.trustpilot.com/categories/bookkeeping_service
Money & Insurance,Accounting & Tax,https://www.trustpilot.com/categories/tax_advisor
Money & Insurance,Banking & Money,https://www.trustpilot.com/categories/trust_bank
Money & Insurance,Banking & Money,https://www.trustpilot.com/categories/cashback_provider
Money & Insurance,Banking & Money,https://www.trustpilot.com/categories/currency_exchange_service
Money & Insurance,Banking & Money,https://www.trustpilot.com/categories/mobile_money_agent
Money & Insurance,Banking & Money,https://www.trustpilot.com/categories/private_sector_bank
Money & Insurance,Banking & Money,https://www.trustpilot.com/categories/money_transfer_service
Money & Insurance,Banking & Money,https://www.trustpilot.com/categories/financial_institution
Money & Insurance,Banking & Money,https://www.trustpilot.com/categories/atm
Money & Insurance,Banking & Money,https://www.trustpilot.com/categories/money_insurance
Money & Insurance,Banking & Money,https://www.trustpilot.com/categories/check_cashing_service
Money & Insurance,Banking & Money,https://www.trustpilot.com/categories/savings_bank
Money & Insurance,Banking & Money,https://www.trustpilot.com/categories/money_order_service
Money & Insurance,Banking & Money,https://www.trustpilot.com/categories/bank
Money & Insurance,Banking & Money,https://www.trustpilot.com/categories/escrow_service
Money & Insurance,Banking & Money,https://www.trustpilot.com/categories/cryptocurrency_service
Money & Insurance,Credit & Debt Services,https://www.trustpilot.com/categories/insolvency_service
Money & Insurance,Credit & Debt Services,https://www.trustpilot.com/categories/pawn_shop
Money & Insurance,Credit & Debt Services,https://www.trustpilot.com/categories/debt_collection_agency
Money & Insurance,Credit & Debt Services,https://www.trustpilot.com/categories/federal_credit_union
Money & Insurance,Credit & Debt Services,https://www.trustpilot.com/categories/debt_relief_service
Money & Insurance,Credit & Debt Services,https://www.trustpilot.com/categories/credit_counseling_service
Money & Insurance,Credit & Debt Services,https://www.trustpilot.com/categories/credit_reporting_agency
Money & Insurance,Credit & Debt Services,https://www.trustpilot.com/categories/liquidator
Money & Insurance,Credit & Debt Services,https://www.trustpilot.com/categories/money_insurance
Money & Insurance,Credit & Debt Services,https://www.trustpilot.com/categories/loss_adjuster
Money & Insurance,Credit & Debt Services,https://www.trustpilot.com/categories/credit_bureau
Money & Insurance,Credit & Debt Services,https://www.trustpilot.com/categories/debt_collecting
Money & Insurance,Credit & Debt Services,https://www.trustpilot.com/categories/credit_union
Money & Insurance,Investments & Wealth,https://www.trustpilot.com/categories/stock_broker
Money & Insurance,Investments & Wealth,https://www.trustpilot.com/categories/financial_consultant
Money & Insurance,Investments & Wealth,https://www.trustpilot.com/categories/finance_broker
Money & Insurance,Investments & Wealth,https://www.trustpilot.com/categories/gold_and_silver_trading_company
Money & Insurance,Investments & Wealth,https://www.trustpilot.com/categories/property_investment
Money & Insurance,Investments & Wealth,https://www.trustpilot.com/categories/financial_audit
Money & Insurance,Investments & Wealth,https://www.trustpilot.com/categories/private_equity_firm
Money & Insurance,Investments & Wealth,https://www.trustpilot.com/categories/board_of_trade
Money & Insurance,Investments & Wealth,https://www.trustpilot.com/categories/mortgage_broker
Money & Insurance,Investments & Wealth,https://www.trustpilot.com/categories/retirement_scheme_provider
Money & Insurance,Investments & Wealth,https://www.trustpilot.com/categories/investment_bank
Money & Insurance,Investments & Wealth,https://www.trustpilot.com/categories/mortgage_lender
Money & Insurance,Investments & Wealth,https://www.trustpilot.com/categories/economic_consultant
Money & Insurance,Investments & Wealth,https://www.trustpilot.com/categories/financial_planner
Money & Insurance,Investments & Wealth,https://www.trustpilot.com/categories/car_finance_and_loan_company
Money & Insurance,Investments & Wealth,https://www.trustpilot.com/categories/non_bank_finance
Money & Insurance,Investments & Wealth,https://www.trustpilot.com/categories/trust_fund
Money & Insurance,Investments & Wealth,https://www.trustpilot.com/categories/investment_company
Money & Insurance,Investments & Wealth,https://www.trustpilot.com/categories/venture_capital_company
Money & Insurance,Investments & Wealth,https://www.trustpilot.com/categories/money_insurance
Money & Insurance,Investments & Wealth,https://www.trustpilot.com/categories/pension_fund
Money & Insurance,Investments & Wealth,https://www.trustpilot.com/categories/shareholder_protection_company
Money & Insurance,Investments & Wealth,https://www.trustpilot.com/categories/loan_agency
Money & Insurance,Investments & Wealth,https://www.trustpilot.com/categories/gold_dealer
Money & Insurance,Investments & Wealth,https://www.trustpilot.com/categories/fund_management_company
Money & Insurance,Investments & Wealth,https://www.trustpilot.com/categories/alternate_finance_services
Money & Insurance,Investments & Wealth,https://www.trustpilot.com/categories/investment_service
Money & Insurance,Investments & Wealth,https://www.trustpilot.com/categories/asset_manager
Money & Insurance,Real Estate,https://www.trustpilot.com/categories/real_estate_agency
Money & Insurance,Real Estate,https://www.trustpilot.com/categories/real_estate_consultant
Money & Insurance,Real Estate,https://www.trustpilot.com/categories/property_administrator
Money & Insurance,Real Estate,https://www.trustpilot.com/categories/country_house
Money & Insurance,Real Estate,https://www.trustpilot.com/categories/property_management_company
Money & Insurance,Real Estate,https://www.trustpilot.com/categories/group_buying_service
Money & Insurance,Real Estate,https://www.trustpilot.com/categories/real_estate_developer
Money & Insurance,Real Estate,https://www.trustpilot.com/categories/money_insurance
Money & Insurance,Real Estate,https://www.trustpilot.com/categories/real_estate_agents
Money & Insurance,Real Estate,https://www.trustpilot.com/categories/real_estate_rental_agency
Money & Insurance,Real Estate,https://www.trustpilot.com/categories/real_estate_appraiser
Money & Insurance,Real Estate,https://www.trustpilot.com/categories/apartment_rental_agency
Public & Local Services,Employment & Career,https://www.trustpilot.com/categories/coaching_center
Public & Local Services,Employment & Career,https://www.trustpilot.com/categories/employment_agency
Public & Local Services,Employment & Career,https://www.trustpilot.com/categories/career_guidance_service
Public & Local Services,Employment & Career,https://www.trustpilot.com/categories/public_local_services
Public & Local Services,Employment & Career,https://www.trustpilot.com/categories/employment_search_service
Public & Local Services,Employment & Career,https://www.trustpilot.com/categories/tutoring_service
Public & Local Services,Employment & Career,https://www.trustpilot.com/categories/training_center
Public & Local Services,Funeral & Memorial,https://www.trustpilot.com/categories/funeral_director
Public & Local Services,Funeral & Memorial,https://www.trustpilot.com/categories/casket_service
Public & Local Services,Funeral & Memorial,https://www.trustpilot.com/categories/cremation_service
Public & Local Services,Funeral & Memorial,https://www.trustpilot.com/categories/funeral_home
Public & Local Services,Funeral & Memorial,https://www.trustpilot.com/categories/mortuary
Public & Local Services,Funeral & Memorial,https://www.trustpilot.com/categories/public_local_services
Public & Local Services,Housing Associations,https://www.trustpilot.com/categories/housing_association
Public & Local Services,Housing Associations,https://www.trustpilot.com/categories/residents_association
Public & Local Services,Housing Associations,https://www.trustpilot.com/categories/low_income_housing_program
Public & Local Services,Housing Associations,https://www.trustpilot.com/categories/public_local_services
Public & Local Services,Housing Associations,https://www.trustpilot.com/categories/housing_society
Public & Local Services,Kids & Family,https://www.trustpilot.com/categories/public_local_services
Public & Local Services,Kids & Family,https://www.trustpilot.com/categories/genealogist
Public & Local Services,Kids & Family,https://www.trustpilot.com/categories/diaper_service
Public & Local Services,Kids & Family,https://www.trustpilot.com/categories/child_care_agency
Public & Local Services,Military & Veteran,https://www.trustpilot.com/categories/public_local_services
Public & Local Services,Military & Veteran,https://www.trustpilot.com/categories/military_base
Public & Local Services,Nature & Environment,https://www.trustpilot.com/categories/environmental_consultant
Public & Local Services,Nature & Environment,https://www.trustpilot.com/categories/public_local_services
Public & Local Services,Nature & Environment,https://www.trustpilot.com/categories/garden
Public & Local Services,Nature & Environment,https://www.trustpilot.com/categories/environmental_protection_organization
Public & Local Services,Professional Organizations,https://www.trustpilot.com/categories/gay_and_lesbian_organization
Public & Local Services,Professional Organizations,https://www.trustpilot.com/categories/notaries_association
Public & Local Services,Professional Organizations,https://www.trustpilot.com/categories/social_club
Public & Local Services,Professional Organizations,https://www.trustpilot.com/categories/livery_company
Public & Local Services,Professional Organizations,https://www.trustpilot.com/categories/non_governmental_organization
Public & Local Services,Professional Organizations,https://www.trustpilot.com/categories/non_profit_organization
Public & Local Services,Professional Organizations,https://www.trustpilot.com/categories/charity
Public & Local Services,Professional Organizations,https://www.trustpilot.com/categories/public_local_services
Public & Local Services,Professional Organizations,https://www.trustpilot.com/categories/arts_organization
Public & Local Services,Professional Organizations,https://www.trustpilot.com/categories/association_or_organization
Public & Local Services,Public Services & Welfare,https://www.trustpilot.com/categories/social_services_organization
Public & Local Services,Public Services & Welfare,https://www.trustpilot.com/categories/information_services
Public & Local Services,Public Services & Welfare,https://www.trustpilot.com/categories/community_center
Public & Local Services,Public Services & Welfare,https://www.trustpilot.com/categories/consumer_advice_center
Public & Local Services,Public Services & Welfare,https://www.trustpilot.com/categories/public_local_services
Public & Local Services,Religious Institutions,https://www.trustpilot.com/categories/apostolic_church
Public & Local Services,Religious Institutions,https://www.trustpilot.com/categories/disciples_of_christ_church
Public & Local Services,Religious Institutions,https://www.trustpilot.com/categories/presbyterian_church
Public & Local Services,Religious Institutions,https://www.trustpilot.com/categories/christian_church
Public & Local Services,Religious Institutions,https://www.trustpilot.com/categories/hindu_priest
Public & Local Services,Religious Institutions,https://www.trustpilot.com/categories/place_of_worship
Public & Local Services,Religious Institutions,https://www.trustpilot.com/categories/religious_destination
Public & Local Services,Religious Institutions,https://www.trustpilot.com/categories/baptist_church
Public & Local Services,Religious Institutions,https://www.trustpilot.com/categories/church
Public & Local Services,Religious Institutions,https://www.trustpilot.com/categories/mission
Public & Local Services,Religious Institutions,https://www.trustpilot.com/categories/non_denominational_church
Public & Local Services,Religious Institutions,https://www.trustpilot.com/categories/church_of_christ
Public & Local Services,Religious Institutions,https://www.trustpilot.com/categories/chapel
Public & Local Services,Religious Institutions,https://www.trustpilot.com/categories/religious_institution
Public & Local Services,Religious Institutions,https://www.trustpilot.com/categories/religious_organization
Public & Local Services,Religious Institutions,https://www.trustpilot.com/categories/public_local_services
Public & Local Services,Religious Institutions,https://www.trustpilot.com/categories/reformed_church
Public & Local Services,Shelters & Homes,https://www.trustpilot.com/categories/public_local_services
Public & Local Services,Shelters & Homes,https://www.trustpilot.com/categories/retirement_community
Public & Local Services,Waste Management,https://www.trustpilot.com/categories/garbage_dump_service
Public & Local Services,Waste Management,https://www.trustpilot.com/categories/waste_management_service
Public & Local Services,Waste Management,https://www.trustpilot.com/categories/garbage_collection_service
Public & Local Services,Waste Management,https://www.trustpilot.com/categories/sewage_disposal_service
Public & Local Services,Waste Management,https://www.trustpilot.com/categories/recycling_center
Public & Local Services,Waste Management,https://www.trustpilot.com/categories/public_local_services
Public & Local Services,Waste Management,https://www.trustpilot.com/categories/drainage_service
Restaurants & Bars,Bars & Cafes,https://www.trustpilot.com/categories/wine_bar
Restaurants & Bars,Bars & Cafes,https://www.trustpilot.com/categories/hookah_bar
Restaurants & Bars,Bars & Cafes,https://www.trustpilot.com/categories/cafeteria
Restaurants & Bars,Bars & Cafes,https://www.trustpilot.com/categories/pub
Restaurants & Bars,Bars & Cafes,https://www.trustpilot.com/categories/cafe
Restaurants & Bars,Bars & Cafes,https://www.trustpilot.com/categories/espresso_bar
Restaurants & Bars,Bars & Cafes,https://www.trustpilot.com/categories/bar_and_grill
Restaurants & Bars,Bars & Cafes,https://www.trustpilot.com/categories/gastropub
Restaurants & Bars,Bars & Cafes,https://www.trustpilot.com/categories/bar
Restaurants & Bars,Bars & Cafes,https://www.trustpilot.com/categories/restaurants_bars
Restaurants & Bars,European Cuisine,https://www.trustpilot.com/categories/french_restaurant
Restaurants & Bars,European Cuisine,https://www.trustpilot.com/categories/european_restaurant
Restaurants & Bars,European Cuisine,https://www.trustpilot.com/categories/restaurants_bars
Restaurants & Bars,European Cuisine,https://www.trustpilot.com/categories/armenian_restaurant
Restaurants & Bars,General Restaurants,https://www.trustpilot.com/categories/chicken_wings_restaurant
Restaurants & Bars,General Restaurants,https://www.trustpilot.com/categories/seafood_restaurant
Restaurants & Bars,General Restaurants,https://www.trustpilot.com/categories/restaurant
Restaurants & Bars,General Restaurants,https://www.trustpilot.com/categories/restaurant_supply_store
Restaurants & Bars,General Restaurants,https://www.trustpilot.com/categories/traditional_restaurant
Restaurants & Bars,General Restaurants,https://www.trustpilot.com/categories/family_restaurant
Restaurants & Bars,General Restaurants,https://www.trustpilot.com/categories/breakfast_restaurant
Restaurants & Bars,General Restaurants,https://www.trustpilot.com/categories/restaurants_bars
Restaurants & Bars,Mediterranean Cuisine,https://www.trustpilot.com/categories/bistro
Restaurants & Bars,Mediterranean Cuisine,https://www.trustpilot.com/categories/restaurants_bars
Restaurants & Bars,Mediterranean Cuisine,https://www.trustpilot.com/categories/gyro_restaurant
Restaurants & Bars,Middle Eastern Cuisine,https://www.trustpilot.com/categories/lebanese_restaurant
Restaurants & Bars,Middle Eastern Cuisine,https://www.trustpilot.com/categories/restaurants_bars
Restaurants & Bars,Middle Eastern Cuisine,https://www.trustpilot.com/categories/halal_restaurant
Restaurants & Bars,North & South American Cuisine,https://www.trustpilot.com/categories/american_restaurant
Restaurants & Bars,North & South American Cuisine,https://www.trustpilot.com/categories/restaurants_bars
Restaurants & Bars,Southeast Asian Cuisine,https://www.trustpilot.com/categories/indian_restaurant
Restaurants & Bars,Southeast Asian Cuisine,https://www.trustpilot.com/categories/restaurants_bars
Restaurants & Bars,Takeaway,https://www.trustpilot.com/categories/fast_food_restaurant
Restaurants & Bars,Takeaway,https://www.trustpilot.com/categories/fish_and_chips_takeaway
Restaurants & Bars,Takeaway,https://www.trustpilot.com/categories/sandwich_shop
Restaurants & Bars,Takeaway,https://www.trustpilot.com/categories/fried_chicken_takeaway
Restaurants & Bars,Takeaway,https://www.trustpilot.com/categories/hot_dog_restaurant
Restaurants & Bars,Takeaway,https://www.trustpilot.com/categories/online_food_ordering_service
Restaurants & Bars,Takeaway,https://www.trustpilot.com/categories/hamburger_restaurant
Restaurants & Bars,Takeaway,https://www.trustpilot.com/categories/pizza_delivery_service
Restaurants & Bars,Takeaway,https://www.trustpilot.com/categories/take_away_service
Restaurants & Bars,Takeaway,https://www.trustpilot.com/categories/pizzatakeaway
Restaurants & Bars,Takeaway,https://www.trustpilot.com/categories/restaurants_bars
Restaurants & Bars,Vegetarian & Diet,https://www.trustpilot.com/categories/restaurants_bars
Restaurants & Bars,Vegetarian & Diet,https://www.trustpilot.com/categories/gluten_free_restaurant
Shopping & Fashion,Clothing & Underwear,https://www.trustpilot.com/categories/outerwear_store
Shopping & Fashion,Clothing & Underwear,https://www.trustpilot.com/categories/shoe_store
Shopping & Fashion,Clothing & Underwear,https://www.trustpilot.com/categories/custom_tailor
Shopping & Fashion,Clothing & Underwear,https://www.trustpilot.com/categories/lingerie_store
Shopping & Fashion,Clothing & Underwear,https://www.trustpilot.com/categories/maternity_store
Shopping & Fashion,Clothing & Underwear,https://www.trustpilot.com/categories/t_shirt_company
Shopping & Fashion,Clothing & Underwear,https://www.trustpilot.com/categories/mens_clothing_store
Shopping & Fashion,Clothing & Underwear,https://www.trustpilot.com/categories/baby_clothing_store
Shopping & Fashion,Clothing & Underwear,https://www.trustpilot.com/categories/beach_clothing_store
Shopping & Fashion,Clothing & Underwear,https://www.trustpilot.com/categories/clothing_store
Shopping & Fashion,Clothing & Underwear,https://www.trustpilot.com/categories/couture_store
Shopping & Fashion,Clothing & Underwear,https://www.trustpilot.com/categories/mens_tailor
Shopping & Fashion,Clothing & Underwear,https://www.trustpilot.com/categories/outdoor_clothing_and_equipment_shop
Shopping & Fashion,Clothing & Underwear,https://www.trustpilot.com/categories/shoe_factory
Shopping & Fashion,Clothing & Underwear,https://www.trustpilot.com/categories/clothing_supplier
Shopping & Fashion,Clothing & Underwear,https://www.trustpilot.com/categories/youth_clothing_store
Shopping & Fashion,Clothing & Underwear,https://www.trustpilot.com/categories/winterwear_store
Shopping & Fashion,Clothing & Underwear,https://www.trustpilot.com/categories/sportswear_store
Shopping & Fashion,Clothing & Underwear,https://www.trustpilot.com/categories/work_clothes_store
Shopping & Fashion,Clothing & Underwear,https://www.trustpilot.com/categories/t_shirt_store
Shopping & Fashion,Clothing & Underwear,https://www.trustpilot.com/categories/shoe_shining_service
Shopping & Fashion,Clothing & Underwear,https://www.trustpilot.com/categories/sportwear_manufacturer
Shopping & Fashion,Clothing & Underwear,https://www.trustpilot.com/categories/denim_wear_store
Shopping & Fashion,Clothing & Underwear,https://www.trustpilot.com/categories/boot_store
Shopping & Fashion,Clothing & Underwear,https://www.trustpilot.com/categories/streetwear_store
Shopping & Fashion,Clothing & Underwear,https://www.trustpilot.com/categories/swimwear_store
Shopping & Fashion,Clothing & Underwear,https://www.trustpilot.com/categories/shopping_fashion
Shopping & Fashion,Clothing & Underwear,https://www.trustpilot.com/categories/used_clothing_store
Shopping & Fashion,Clothing & Underwear,https://www.trustpilot.com/categories/haute_couture_fashion_house
Shopping & Fashion,Clothing & Underwear,https://www.trustpilot.com/categories/printed_clothing_store
Shopping & Fashion,Clothing & Underwear,https://www.trustpilot.com/categories/plus_size_clothing_store
Shopping & Fashion,Clothing & Underwear,https://www.trustpilot.com/categories/custom_t_shirt_store
Shopping & Fashion,Clothing & Underwear,https://www.trustpilot.com/categories/baby_store
Shopping & Fashion,Clothing & Underwear,https://www.trustpilot.com/categories/underwear_store
Shopping & Fashion,Clothing & Underwear,https://www.trustpilot.com/categories/lingerie_manufacturer
Shopping & Fashion,Clothing & Underwear,https://www.trustpilot.com/categories/childrens_clothing_store
Shopping & Fashion,Clothing & Underwear,https://www.trustpilot.com/categories/activewear_store
Shopping & Fashion,Clothing & Underwear,https://www.trustpilot.com/categories/vintage_clothing_store
Shopping & Fashion,Clothing & Underwear,https://www.trustpilot.com/categories/womens_clothing_store
Shopping & Fashion,Clothing & Underwear,https://www.trustpilot.com/categories/leather_coats_store
Shopping & Fashion,Clothing Rental & Repair,https://www.trustpilot.com/categories/kilt_shop_and_hire
Shopping & Fashion,Clothing Rental & Repair,https://www.trustpilot.com/categories/clothing_alteration_service
Shopping & Fashion,Clothing Rental & Repair,https://www.trustpilot.com/categories/tailor
Shopping & Fashion,Clothing Rental & Repair,https://www.trustpilot.com/categories/watch_repair_service
Shopping & Fashion,Clothing Rental & Repair,https://www.trustpilot.com/categories/shopping_fashion
Shopping & Fashion,Clothing Rental & Repair,https://www.trustpilot.com/categories/dry_cleaner
Shopping & Fashion,Costume & Wedding,https://www.trustpilot.com/categories/bridal_shop
Shopping & Fashion,Costume & Wedding,https://www.trustpilot.com/categories/uniform_store
Shopping & Fashion,Costume & Wedding,https://www.trustpilot.com/categories/evening_dress_rental_service
Shopping & Fashion,Costume & Wedding,https://www.trustpilot.com/categories/army_and_navy_store
Shopping & Fashion,Costume & Wedding,https://www.trustpilot.com/categories/costume_store
Shopping & Fashion,Costume & Wedding,https://www.trustpilot.com/categories/dressmaker
Shopping & Fashion,Costume & Wedding,https://www.trustpilot.com/categories/formal_clothing_store
Shopping & Fashion,Costume & Wedding,https://www.trustpilot.com/categories/traditional_kostume_store
Shopping & Fashion,Costume & Wedding,https://www.trustpilot.com/categories/shopping_fashion
Shopping & Fashion,Costume & Wedding,https://www.trustpilot.com/categories/western_apparel_store
Shopping & Fashion,Costume & Wedding,https://www.trustpilot.com/categories/dress_shop
Shopping & Fashion,Costume & Wedding,https://www.trustpilot.com/categories/tuxedo_shop
Shopping & Fashion,Jewelry & Watches,https://www.trustpilot.com/categories/jeweler
Shopping & Fashion,Jewelry & Watches,https://www.trustpilot.com/categories/clock_watch_maker
Shopping & Fashion,Jewelry & Watches,https://www.trustpilot.com/categories/jewelry_designer
Shopping & Fashion,Jewelry & Watches,https://www.trustpilot.com/categories/watch_manufacturer
Shopping & Fashion,Jewelry & Watches,https://www.trustpilot.com/categories/watch_store
Shopping & Fashion,Jewelry & Watches,https://www.trustpilot.com/categories/shopping_fashion
Shopping & Fashion,Jewelry & Watches,https://www.trustpilot.com/categories/jewelry_appraiser
Shopping & Fashion,Jewelry & Watches,https://www.trustpilot.com/categories/diamond_dealer
Shopping & Fashion,Jewelry & Watches,https://www.trustpilot.com/categories/diamond_buyer
Shopping & Fashion,Jewelry & Watches,https://www.trustpilot.com/categories/jewelry_manufacturer
Shopping & Fashion,Jewelry & Watches,https://www.trustpilot.com/categories/jewelry_buyer
Shopping & Fashion,Jewelry & Watches,https://www.trustpilot.com/categories/jewelry_engraver
Shopping & Fashion,Jewelry & Watches,https://www.trustpilot.com/categories/costume_jewelry_shop
Shopping & Fashion,Jewelry & Watches,https://www.trustpilot.com/categories/jewelry_exporter
Shopping & Fashion,Jewelry & Watches,https://www.trustpilot.com/categories/jewelry_repair_service
Shopping & Fashion,Jewelry & Watches,https://www.trustpilot.com/categories/jewelry_store
Shopping & Fashion,Malls & Marketplaces,https://www.trustpilot.com/categories/christmas_market
Shopping & Fashion,Malls & Marketplaces,https://www.trustpilot.com/categories/price_comparison_site
Shopping & Fashion,Malls & Marketplaces,https://www.trustpilot.com/categories/night_market
Shopping & Fashion,Malls & Marketplaces,https://www.trustpilot.com/categories/outlet_store
Shopping & Fashion,Malls & Marketplaces,https://www.trustpilot.com/categories/department_store
Shopping & Fashion,Malls & Marketplaces,https://www.trustpilot.com/categories/warehouse_store
Shopping & Fashion,Malls & Marketplaces,https://www.trustpilot.com/categories/review_site
Shopping & Fashion,Malls & Marketplaces,https://www.trustpilot.com/categories/online_marketplace
Shopping & Fashion,Malls & Marketplaces,https://www.trustpilot.com/categories/online_auction
Shopping & Fashion,Malls & Marketplaces,https://www.trustpilot.com/categories/dollar_store
Shopping & Fashion,Malls & Marketplaces,https://www.trustpilot.com/categories/discount_store
Shopping & Fashion,Malls & Marketplaces,https://www.trustpilot.com/categories/coupon_service
Shopping & Fashion,Malls & Marketplaces,https://www.trustpilot.com/categories/shopping_fashion
Shopping & Fashion,Malls & Marketplaces,https://www.trustpilot.com/categories/traditional_market
Shopping & Fashion,Malls & Marketplaces,https://www.trustpilot.com/categories/shopping_center
Shopping & Fashion,Malls & Marketplaces,https://www.trustpilot.com/categories/duty_free_store
Shopping & Fashion,Malls & Marketplaces,https://www.trustpilot.com/categories/bazar
Shopping & Fashion,Malls & Marketplaces,https://www.trustpilot.com/categories/souvenir_store
Shopping & Fashion,Malls & Marketplaces,https://www.trustpilot.com/categories/clothes_market
Sports,Ball Games,https://www.trustpilot.com/categories/rugby_store
Sports,Ball Games,https://www.trustpilot.com/categories/volleyball_club
Sports,Ball Games,https://www.trustpilot.com/categories/soccer_store
Sports,Ball Games,https://www.trustpilot.com/categories/basketball_court
Sports,Ball Games,https://www.trustpilot.com/categories/soccer_club
Sports,Ball Games,https://www.trustpilot.com/categories/sports
Sports,Ball Games,https://www.trustpilot.com/categories/soccer_practice
Sports,Ball Games,https://www.trustpilot.com/categories/football_field
Sports,Ball Games,https://www.trustpilot.com/categories/soccer_field
Sports,Ball Games,https://www.trustpilot.com/categories/beach_volleyball_club
Sports,Ball Games,https://www.trustpilot.com/categories/football_club
Sports,Bat-and-ball Games,https://www.trustpilot.com/categories/sports
Sports,Bat-and-ball Games,https://www.trustpilot.com/categories/baseball_goods_store
Sports,Dancing & Gymnastics,https://www.trustpilot.com/categories/dance_school
Sports,Dancing & Gymnastics,https://www.trustpilot.com/categories/sports
Sports,Dancing & Gymnastics,https://www.trustpilot.com/categories/dance_company
Sports,Dancing & Gymnastics,https://www.trustpilot.com/categories/hip_hop_dance_class
Sports,Dancing & Gymnastics,https://www.trustpilot.com/categories/gymnastics_center
Sports,Dancing & Gymnastics,https://www.trustpilot.com/categories/dance_store
Sports,Equipment & Associations,https://www.trustpilot.com/categories/leagues_club
Sports,Equipment & Associations,https://www.trustpilot.com/categories/sports
Sports,Equipment & Associations,https://www.trustpilot.com/categories/sports_school
Sports,Equipment & Associations,https://www.trustpilot.com/categories/sports_memorabilia_store
Sports,Equipment & Associations,https://www.trustpilot.com/categories/sporting_goods_store
Sports,Equipment & Associations,https://www.trustpilot.com/categories/sports_club
Sports,Equipment & Associations,https://www.trustpilot.com/categories/sports_equipment_rental_service
Sports,Equipment & Associations,https://www.trustpilot.com/categories/sports_nutrition_store
Sports,Fitness & Weight Lifting,https://www.trustpilot.com/categories/physical_fitness_program
Sports,Fitness & Weight Lifting,https://www.trustpilot.com/categories/fitness_equipment_store
Sports,Fitness & Weight Lifting,https://www.trustpilot.com/categories/weightlifting_area
Sports,Fitness & Weight Lifting,https://www.trustpilot.com/categories/sports
Sports,Fitness & Weight Lifting,https://www.trustpilot.com/categories/weightlifting_club
Sports,Fitness & Weight Lifting,https://www.trustpilot.com/categories/womens_personal_trainer
Sports,Fitness & Weight Lifting,https://www.trustpilot.com/categories/fitness_class
Sports,Fitness & Weight Lifting,https://www.trustpilot.com/categories/fitness_center
Sports,Fitness & Weight Lifting,https://www.trustpilot.com/categories/gym
Sports,Fitness & Weight Lifting,https://www.trustpilot.com/categories/personal_trainer
Sports,Fitness & Weight Lifting,https://www.trustpilot.com/categories/fitness_equipment_wholesaler
Sports,Golf & Ultimate,https://www.trustpilot.com/categories/golf_course
Sports,Golf & Ultimate,https://www.trustpilot.com/categories/golf_shop
Sports,Golf & Ultimate,https://www.trustpilot.com/categories/sports
Sports,Golf & Ultimate,https://www.trustpilot.com/categories/golf_club
Sports,Golf & Ultimate,https://www.trustpilot.com/categories/private_golf_course
Sports,Golf & Ultimate,https://www.trustpilot.com/categories/public_golf_course
Sports,Hockey & Ice Skating,https://www.trustpilot.com/categories/hockey_club
Sports,Hockey & Ice Skating,https://www.trustpilot.com/categories/sports
Sports,Hockey & Ice Skating,https://www.trustpilot.com/categories/hockey_supply_store
